url,locale,title,meta_description,h1,page_excerpt,http_status,content_type
http://127.0.0.1:3002/en,en,Mersin Dövme & Piercing | Enki Tattoo,Mersin Dövme & Piercing | Enki Tattoo,Home,"Enki Home Discover Piercing Gallery Artists Enki Tattoo Studio Toggle theme Home Enki Tattoo Studio Mersin Pick your style, see examples, book fast.",200,text/html; charset=utf-8
http://127.0.0.1:3002/en/kesfet,en,Dövme Stilleri & Tasarım Fikirleri | Enki Tattoo,"Minimal & Fine Line, Yazı/İsim Realistik, Portre, Traditional, Cover-Up, Blackwork, Atatürk ve Custom tasarımlarını keşfet. WhatsApp’tan yaz, fiyat öğren.",Discover,"Enki Home Discover Piercing Gallery Artists Enki Tattoo Studio Toggle theme Discover Pick your style, see examples, book fast.",200,text/html; charset=utf-8
http://127.0.0.1:3002/en/kesfet/minimal-fine-line-dovme,en,Fine Line & Minimal Dövme | Enki Tattoo,"Minimal tattoo, fine line, linework ve micro tarzında kol-bacak örnekleri; ince çizgi, küçük dövme ve sade tasarımlar. Hemen ulaş.Anında tasarla.",Minimal & Fine Line Tattoo,Enki Home Discover Piercing Gallery Artists Enki Tattoo Studio Toggle theme Minimal & Fine Line Tattoo WhatsApp Phone Minimal Tattoo styles built on fine lines and clean composition. We shape line wei,200,text/html; charset=utf-8
http://127.0.0.1:3002/en/kesfet/yazi-isim-dovmesi,en,Lettering (Yazı/İsim) Dövme | Enki Tattoo,"İsim, tarih, harf, el yazısı ve çift yazısı lettering dövme tasarım fikirleri. Kol/bilek için ideal. WhatsApp’tan yaz, fiyat al.",Lettering & Name Tattoo,"Enki Home Discover Piercing Gallery Artists Enki Tattoo Studio Toggle theme Lettering & Name Tattoo WhatsApp Phone Lettering Tattoo options focused on names, dates, and typography. We define font char",200,text/html; charset=utf-8
http://127.0.0.1:3002/en/kesfet/realistik-dovme,en,Realistik Dövme | Enki Tattoo,"Realistik dövme: fotoğraf gibi detay, ışık-gölge. Kol, bacak, sırt ve göğüs tasarım uygulamaları. WhatsApp’tan yaz, fiyat öğren.",Realistic Tattoo,"Enki Home Discover Piercing Gallery Artists Enki Tattoo Studio Toggle theme Realistic Tattoo WhatsApp Phone Realistic Tattoo work with depth, light-shadow balance, and detail. Using your references, w",200,text/html; charset=utf-8
http://127.0.0.1:3002/en/kesfet/portre-dovme,en,Portre Dövme (Kadın/Erkek) | Enki Tattoo,"Portre dövme: kadın/erkek/çocuk ve hayvan portreleri. Kol, bacak, sırt, göğüs için tasarım. WhatsApp’tan yaz, fiyat öğren.",Portrait Tattoo,Enki Home Discover Piercing Gallery Artists Enki Tattoo Studio Toggle theme Portrait Tattoo WhatsApp Phone Portrait Tattoo approach focused on facial expression and detail. We define reference quality,200,text/html; charset=utf-8
http://127.0.0.1:3002/en/kesfet/traditional-dovme,en,Old School & Traditional Dövme | Enki Tattoo,"Old school/traditional: kalın çizgi, canlı renk, klasik ikonlar. Kol, bacak, sırt için. Fiyat al. Tasarıma başla!",Traditional Tattoo,"Enki Home Discover Piercing Gallery Artists Enki Tattoo Studio Toggle theme Traditional Tattoo WhatsApp Phone Traditional Tattoo style with bold lines and classic iconography. We plan color use, line ",200,text/html; charset=utf-8
http://127.0.0.1:3002/en/kesfet/dovme-kapatma,en,Cover-Up (Kapatma) / Dövme Sildirme | Enki Tattoo,"Cover-up: yeni tasarım ile eski dövmeyi kapatma,düzeltme veya dövme sildirme. Hemen teklif al.",Cover-Up Tattoo,Enki Home Discover Piercing Gallery Artists Enki Tattoo Studio Toggle theme Cover-Up Tattoo WhatsApp Phone Cover-Up Tattoo solutions focused on transforming existing work. We analyze existing density ,200,text/html; charset=utf-8
http://127.0.0.1:3002/en/kesfet/ataturk-temali-dovme,en,Atatürk Dövmesi (Portre/İmza) | Enki Tattoo,"Atatürk dövmesi için portre, imza ve silüet tasarım seçenekleri. Anlamını konuşalım; Hemen ara. Fiyat al!",Ataturk-Themed Tattoo,"Enki Home Discover Piercing Gallery Artists Enki Tattoo Studio Toggle theme Ataturk-Themed Tattoo WhatsApp Phone Ataturk-themed Tattoo designs with portrait, signature, and symbolic elements. We align",200,text/html; charset=utf-8
http://127.0.0.1:3002/en/kesfet/blackwork-dovme,en,Blackwork Dövme | Enki Tattoo,"Blackwork: yoğun siyah ve keskin kontrastla güçlü tasarım. Kol, bacak, sırt örnekleri. Tasarımını seç fiyat al.",Blackwork Tattoo,Enki Home Discover Piercing Gallery Artists Enki Tattoo Studio Toggle theme Blackwork Tattoo WhatsApp Phone Blackwork Tattoo style with strong contrast and graphic black forms. We shape filled-empty b,200,text/html; charset=utf-8
http://127.0.0.1:3002/en/kesfet/kisiye-ozel-dovme-tasarimi,en,Kişiye Özel Dövme Tasarımı | Enki Tattoo,"Kişiye özel dövme tasarımı: fikrini ve referanslarını paylaş; stil, ölçü ve yerleşimi netleştirelim. Fiyat al, tasarımını keşfet.",Custom Tattoo Design,Enki Home Discover Piercing Gallery Artists Enki Tattoo Studio Toggle theme Custom Tattoo Design WhatsApp Phone Custom Tattoo Design process built from your idea and references. We turn your reference,200,text/html; charset=utf-8
http://127.0.0.1:3002/en/galeri-tasarim,en,Dövme Tasarım Galerisi: Tüm Stiller | Enki Tattoo,"Minimal & Fine Line, Lettering, Realistik, Portre, Traditional, Cover-Up, Blackwork, Atatürk ve Kişiye Özel tasarım örnekleri. Tarzını keşfet, teklif al",Gallery Design,Enki Home Discover Piercing Gallery Artists Enki Tattoo Studio Toggle theme En çok tercih edilen dövme örnekleri burada; en iyi tasarımı keşfet.,200,text/html; charset=utf-8
http://127.0.0.1:3002/en/dovme-egitimi,en,Dövme Eğitimi (Mersin) | Enki Tattoo,"Mersin’de dövme eğitimi: hijyen, ekipman, çizgi, shading ve stencil. Başlangıçtan ileri seviyeye stüdyo içinde uygulamalı öğren. WhatsApp’tan yaz.",Tattoo Training,Enki Home Discover Piercing Gallery Artists Enki Tattoo Studio Toggle theme Tattoo Training WhatsApp Phone Structured in-studio Tattoo Training with practical guidance in Mersin. Review a step-by-step,200,text/html; charset=utf-8
http://127.0.0.1:3002/en/artistler,en,Dövme Sanatçıları & Artistler | Enki Tattoo,"Dövme sanatçıları ve artistler: stilleri, tasarımları ve öne çıkan çalışmaları. Hepsini keşfet, tarzını seç.",Artists,Enki Home Discover Piercing Gallery Artists Enki Tattoo Studio Toggle theme Artists Write on WhatsApp Phone Artists in our studio.,200,text/html; charset=utf-8
http://127.0.0.1:3002/en/artistler/halit-yalvac,en,"Halit Yalvaç | Master Artist, Eğitmen & Kurucu | Enki Tattoo","1995’ten beri dövme sanatçısı; Enki Tattoo’nun kurucusu, master artist ve eğitmeni. Uzmanlık stilleri ve tasarım yaklaşımını incele; Tasarımını keşfet.Bilgi al.",Halit Yalvaç,"Enki Home Discover Piercing Gallery Artists Enki Tattoo Studio Toggle theme 25+ years of experience in portrait, realism, cover-up, and fine line.",200,text/html; charset=utf-8
http://127.0.0.1:3002/en/artistler/mertcan-uludag,en,Mertcan Uludağ | Enki Tattoo (Mersin),"Mertcan Uludağ’ın dövme çalışmalarını ve stil yaklaşımını incele. Örnekleri gör, fikrini netleştir, WhatsApp’tan yazıp randevu planla.",Mertcan Uludağ,"Enki Home Discover Piercing Gallery Artists Enki Tattoo Studio Toggle theme Featured work, clear style direction, and fast communication.",200,text/html; charset=utf-8
http://127.0.0.1:3002/en/piercing,en,Mersin Piercing | Enki Tattoo,"Mersin&#x27;de Kulak, burun, septum, kaş, dudak, dil, göbek ve industrial piercing; takı seçimi ve tasarım uyumu. Whatsapp&#x27;tan yaz. Fiyat al.",Piercing,"Enki Home Discover Piercing Gallery Artists Enki Tattoo Studio Toggle theme Piercing Ear, nose, septum, and more. Write to us for professional Piercing service.",200,text/html; charset=utf-8
http://127.0.0.1:3002/en/piercing/kulak,en,Mersin Kulak Piercing | Enki Tattoo,"Mersin&#x27;de Kulak piercing: lob ve kıkırdak (helix, tragus, conch, daith, rook) seçenekleri; takı seçimi ve tasarım uyumu. Hemen ara. Fiyatları incele.",Ear Piercing,"Enki Home Discover Piercing Gallery Artists Enki Tattoo Studio Toggle theme Ear Piercing WhatsApp Phone Clean and styled Ear Piercing options for lobe and cartilage areas. We plan placement, jewelry f",200,text/html; charset=utf-8
http://127.0.0.1:3002/en/piercing/burun,en,Mersin Burun Piercing | Enki Tattoo,"Mersin&#x27;de Burun piercing (nostril): halka, taş/stud ve doğru yerleşim; bakım ve takı tasarım uyumu. Bilgi al, iletişime geç.",Nose Piercing,"Enki Home Discover Piercing Gallery Artists Enki Tattoo Studio Toggle theme Nose Piercing WhatsApp Phone Ring and stud-focused Nose Piercing options for nostril-style looks. We align jewelry type, siz",200,text/html; charset=utf-8
http://127.0.0.1:3002/en/piercing/kas,en,Mersin Kaş Piercing | Enki Tattoo,"Mersin&#x27;de Kaş piercing: doğru yerleşim, anatomik uygunluk ve takı seçimi; tasarım uyumu ve bakım. Bilgi al, iletişime geç.",Eyebrow Piercing,"Enki Home Discover Piercing Gallery Artists Enki Tattoo Studio Toggle theme Eyebrow Piercing WhatsApp Phone Balanced Eyebrow Piercing alternatives that follow your brow line. We evaluate angle, jewelr",200,text/html; charset=utf-8
http://127.0.0.1:3002/en/piercing/dudak,en,Mersin Dudak Piercing | Enki Tattoo,"Mersin dudak piercing: labret vb.; takı boyu ve tasarım uyumu, ağız bakımı. Hemen ara, fiyat al.",Lip Piercing,Enki Home Discover Piercing Gallery Artists Enki Tattoo Studio Toggle theme Lip Piercing WhatsApp Phone Labret and ring-led Lip Piercing options for different style profiles. We match placement and je,200,text/html; charset=utf-8
http://127.0.0.1:3002/en/piercing/dil,en,Mersin Dil Piercing | Enki Tattoo,"Mersin&#x27;de dil piercing: minimal barbell, taşlı top ve renkli seçeneklerle stilini keşfet. Takı tasarım uyumunu seç; Fiyat al.",Tongue Piercing,Enki Home Discover Piercing Gallery Artists Enki Tattoo Studio Toggle theme Tongue Piercing WhatsApp Phone Tongue Piercing options with minimal barbells or brighter details. We focus on comfort and vi,200,text/html; charset=utf-8
http://127.0.0.1:3002/en/piercing/gobek,en,Mersin Göbek Piercing | Enki Tattoo,"Mersin&#x27;de göbek piercing: taşlı bar, minimal top veya parlak detaylarla yaz stiline uygun tasarım. Tarzını keşfet, fiyat al.",Navel Piercing,"Enki Home Discover Piercing Gallery Artists Enki Tattoo Studio Toggle theme Navel Piercing WhatsApp Phone Navel Piercing styles from clean minimal looks to jeweled details. We choose jewelry type, len",200,text/html; charset=utf-8
http://127.0.0.1:3002/en/piercing/septum,en,Mersin’de Septum Piercing | Enki Tattoo,"Septum piercing: halka/clicker, taşlı veya sade seçenekler; doğru yerleşim ve tasarım uyumu. Fiyat al, iletişime geç.",Septum Piercing,Enki Home Discover Piercing Gallery Artists Enki Tattoo Studio Toggle theme Septum Piercing WhatsApp Phone Septum Piercing looks with ring and clicker options. We define diameter and jewelry form base,200,text/html; charset=utf-8
http://127.0.0.1:3002/en/piercing/industrial,en,Mersin’de Industrial Piercing | Enki Tattoo,"Industrial piercing: iki delik–tek bar; kulak anatomisine uygunluk ve takı tasarım uyumu. Fiyat al, hemen ara.",Industrial Piercing,Enki Home Discover Piercing Gallery Artists Enki Tattoo Studio Toggle theme Industrial Piercing WhatsApp Phone Industrial Piercing with a strong single-bar line effect on the ear. We plan two-point pl,200,text/html; charset=utf-8
http://127.0.0.1:3002/en/piercing/kisiye-ozel,en,Mersin Kişiye Özel Piercing | Enki Tattoo,"Kişiye özel piercing: anatomiye göre yerleşim ve takı seçimi; minimal veya taşlı tasarım uyumu. Bilgi al, teklif al.",Custom Piercing,"Enki Home Discover Piercing Gallery Artists Enki Tattoo Studio Toggle theme Custom Piercing WhatsApp Phone Custom Piercing combinations designed around your personal style. We define jewelry form, pla",200,text/html; charset=utf-8
http://127.0.0.1:3002/en/iletisim,en,Mersin Enki Tattoo | İletişim & Konum,"Adres, yol tarifi ve çalışma saatleri. Dövme/piercing için tasarım fikrini paylaş; teklif al, iletişime geç.",Contact,"Enki Home Discover Piercing Gallery Artists Enki Tattoo Studio Toggle theme Adres ve yol tarifi al; Tüm iletişim seçenekleri; WhatsApp’tan yaz, kendini keşfet.",200,text/html; charset=utf-8
http://127.0.0.1:3002/en/sss,en,SSS / Bilgi Bankası | Enki Tattoo,"SSS / Bilgi Bankası: dövme ve piercing süreci, bakım adımları ve stüdyo rehberi hakkında hızlı yanıtlar.",Question Bank / Knowledge Base,Enki Home Discover Piercing Gallery Artists Enki Tattoo Studio Toggle theme Frequently asked questions,200,text/html; charset=utf-8
http://127.0.0.1:3002/sq,sq,Mersin Dövme & Piercing | Enki Tattoo,Mersin Dövme & Piercing | Enki Tattoo,Ballina,"Enki Ballina Zbulo Piercing Galeri Artistët Enki Tattoo Studio Ndrysho temën Ballina Enki Tattoo Studio Mersin Zgjidh stilin, shiko shembujt, cakto termin shpejt.",200,text/html; charset=utf-8
http://127.0.0.1:3002/sq/kesfet,sq,Dövme Stilleri & Tasarım Fikirleri | Enki Tattoo,"Minimal & Fine Line, Yazı/İsim Realistik, Portre, Traditional, Cover-Up, Blackwork, Atatürk ve Custom tasarımlarını keşfet. WhatsApp’tan yaz, fiyat öğren.",Zbulo,"Enki Ballina Zbulo Piercing Galeri Artistët Enki Tattoo Studio Ndrysho temën Zbulo Zgjidh stilin, shiko shembujt, cakto termin shpejt.",200,text/html; charset=utf-8
http://127.0.0.1:3002/sq/kesfet/minimal-fine-line-dovme,sq,Fine Line & Minimal Dövme | Enki Tattoo,"Minimal tattoo, fine line, linework ve micro tarzında kol-bacak örnekleri; ince çizgi, küçük dövme ve sade tasarımlar. Hemen ulaş.Anında tasarla.",Tatuazh Minimal & Fine Line,Enki Ballina Zbulo Piercing Galeri Artistët Enki Tattoo Studio Ndrysho temën Tatuazh Minimal & Fine Line WhatsApp Telefon Stile Tatuazh minimal të ndërtuara mbi vija të holla dhe kompozim të pastër. P,200,text/html; charset=utf-8
http://127.0.0.1:3002/sq/kesfet/yazi-isim-dovmesi,sq,Lettering (Yazı/İsim) Dövme | Enki Tattoo,"İsim, tarih, harf, el yazısı ve çift yazısı lettering dövme tasarım fikirleri. Kol/bilek için ideal. WhatsApp’tan yaz, fiyat al.",Tatuazh Shkrim & Emër,"Enki Ballina Zbulo Piercing Galeri Artistët Enki Tattoo Studio Ndrysho temën Tatuazh Shkrim & Emër WhatsApp Telefon Opsione Tatuazh lettering të fokusuara te emrat, datat dhe tipografia. Përcaktojmë k",200,text/html; charset=utf-8
http://127.0.0.1:3002/sq/kesfet/realistik-dovme,sq,Realistik Dövme | Enki Tattoo,"Realistik dövme: fotoğraf gibi detay, ışık-gölge. Kol, bacak, sırt ve göğüs tasarım uygulamaları. WhatsApp’tan yaz, fiyat öğren.",Tatuazh Realistik,"Enki Ballina Zbulo Piercing Galeri Artistët Enki Tattoo Studio Ndrysho temën Tatuazh Realistik WhatsApp Telefon Punime Tatuazh realist me thellësi, dritë-hije dhe detaj. Me referencat e tua përcaktojm",200,text/html; charset=utf-8
http://127.0.0.1:3002/sq/kesfet/portre-dovme,sq,Portre Dövme (Kadın/Erkek) | Enki Tattoo,"Portre dövme: kadın/erkek/çocuk ve hayvan portreleri. Kol, bacak, sırt, göğüs için tasarım. WhatsApp’tan yaz, fiyat öğren.",Tatuazh Portret,Enki Ballina Zbulo Piercing Galeri Artistët Enki Tattoo Studio Ndrysho temën Tatuazh Portret WhatsApp Telefon Qasje Tatuazh portret e fokusuar te shprehja dhe detajet e fytyrës. Përcaktojmë cilësinë e,200,text/html; charset=utf-8
http://127.0.0.1:3002/sq/kesfet/traditional-dovme,sq,Old School & Traditional Dövme | Enki Tattoo,"Old school/traditional: kalın çizgi, canlı renk, klasik ikonlar. Kol, bacak, sırt için. Fiyat al. Tasarıma başla!",Tatuazh Traditional,Enki Ballina Zbulo Piercing Galeri Artistët Enki Tattoo Studio Ndrysho temën Tatuazh Traditional WhatsApp Telefon Stil Tatuazh traditional me vija të forta dhe ikonografi klasike. Planifikojmë përdori,200,text/html; charset=utf-8
http://127.0.0.1:3002/sq/kesfet/dovme-kapatma,sq,Cover-Up (Kapatma) / Dövme Sildirme | Enki Tattoo,"Cover-up: yeni tasarım ile eski dövmeyi kapatma,düzeltme veya dövme sildirme. Hemen teklif al.",Tatuazh Cover-Up,Enki Ballina Zbulo Piercing Galeri Artistët Enki Tattoo Studio Ndrysho temën Tatuazh Cover-Up WhatsApp Telefon Zgjidhje cover-up për transformimin e tatuazheve ekzistuese. Analizojmë densitetin e punë,200,text/html; charset=utf-8
http://127.0.0.1:3002/sq/kesfet/ataturk-temali-dovme,sq,Atatürk Dövmesi (Portre/İmza) | Enki Tattoo,"Atatürk dövmesi için portre, imza ve silüet tasarım seçenekleri. Anlamını konuşalım; Hemen ara. Fiyat al!",Tatuazh me Temë Ataturk,"Enki Ballina Zbulo Piercing Galeri Artistët Enki Tattoo Studio Ndrysho temën Tatuazh me Temë Ataturk WhatsApp Telefon Dizajne Tatuazh me temë Ataturk me portret, nënshkrim dhe elemente simbolike. Harm",200,text/html; charset=utf-8
http://127.0.0.1:3002/sq/kesfet/blackwork-dovme,sq,Blackwork Dövme | Enki Tattoo,"Blackwork: yoğun siyah ve keskin kontrastla güçlü tasarım. Kol, bacak, sırt örnekleri. Tasarımını seç fiyat al.",Tatuazh Blackwork,Enki Ballina Zbulo Piercing Galeri Artistët Enki Tattoo Studio Ndrysho temën Tatuazh Blackwork WhatsApp Telefon Stil Tatuazh blackwork me kontrast të fortë dhe forma grafike të zeza. Përcaktojmë balan,200,text/html; charset=utf-8
http://127.0.0.1:3002/sq/kesfet/kisiye-ozel-dovme-tasarimi,sq,Kişiye Özel Dövme Tasarımı | Enki Tattoo,"Kişiye özel dövme tasarımı: fikrini ve referanslarını paylaş; stil, ölçü ve yerleşimi netleştirelim. Fiyat al, tasarımını keşfet.",Dizajn Tatuazh i Personalizuar,Enki Ballina Zbulo Piercing Galeri Artistët Enki Tattoo Studio Ndrysho temën Dizajn Tatuazh i Personalizuar WhatsApp Telefon Proces dizajni Tatuazh i personalizuar i ndërtuar nga ideja dhe referencat ,200,text/html; charset=utf-8
http://127.0.0.1:3002/sq/galeri-tasarim,sq,Dövme Tasarım Galerisi: Tüm Stiller | Enki Tattoo,"Minimal & Fine Line, Lettering, Realistik, Portre, Traditional, Cover-Up, Blackwork, Atatürk ve Kişiye Özel tasarım örnekleri. Tarzını keşfet, teklif al",Galeri Dizajn,Enki Ballina Zbulo Piercing Galeri Artistët Enki Tattoo Studio Ndrysho temën En çok tercih edilen dövme örnekleri burada; en iyi tasarımı keşfet.,200,text/html; charset=utf-8
http://127.0.0.1:3002/sq/dovme-egitimi,sq,Dövme Eğitimi (Mersin) | Enki Tattoo,"Mersin’de dövme eğitimi: hijyen, ekipman, çizgi, shading ve stencil. Başlangıçtan ileri seviyeye stüdyo içinde uygulamalı öğren. WhatsApp’tan yaz.",Trajnim Tatuazh,Enki Ballina Zbulo Piercing Galeri Artistët Enki Tattoo Studio Ndrysho temën Trajnim Tatuazh WhatsApp Telefon Trajnim Tatuazh i strukturuar në studio me qasje praktike në Mersin. Shiko rrjedhën hap pa,200,text/html; charset=utf-8
http://127.0.0.1:3002/sq/artistler,sq,Dövme Sanatçıları & Artistler | Enki Tattoo,"Dövme sanatçıları ve artistler: stilleri, tasarımları ve öne çıkan çalışmaları. Hepsini keşfet, tarzını seç.",Artistët,Enki Ballina Zbulo Piercing Galeri Artistët Enki Tattoo Studio Ndrysho temën Artistët Shkruaj në WhatsApp Telefon Artistët në studion tonë.,200,text/html; charset=utf-8
http://127.0.0.1:3002/sq/artistler/halit-yalvac,sq,"Halit Yalvaç | Master Artist, Eğitmen & Kurucu | Enki Tattoo","1995’ten beri dövme sanatçısı; Enki Tattoo’nun kurucusu, master artist ve eğitmeni. Uzmanlık stilleri ve tasarım yaklaşımını incele; Tasarımını keşfet.Bilgi al.",Halit Yalvaç,"Enki Ballina Zbulo Piercing Galeri Artistët Enki Tattoo Studio Ndrysho temën Mbi 25 vite përvojë në portret, realizëm, cover-up dhe fine line.",200,text/html; charset=utf-8
http://127.0.0.1:3002/sq/artistler/mertcan-uludag,sq,Mertcan Uludağ | Enki Tattoo (Mersin),"Mertcan Uludağ’ın dövme çalışmalarını ve stil yaklaşımını incele. Örnekleri gör, fikrini netleştir, WhatsApp’tan yazıp randevu planla.",Mertcan Uludağ,"Enki Ballina Zbulo Piercing Galeri Artistët Enki Tattoo Studio Ndrysho temën Punime të veçuara, drejtim i qartë stili dhe komunikim i shpejtë.",200,text/html; charset=utf-8
http://127.0.0.1:3002/sq/piercing,sq,Mersin Piercing | Enki Tattoo,"Mersin&#x27;de Kulak, burun, septum, kaş, dudak, dil, göbek ve industrial piercing; takı seçimi ve tasarım uyumu. Whatsapp&#x27;tan yaz. Fiyat al.",Piercing,"Enki Ballina Zbulo Piercing Galeri Artistët Enki Tattoo Studio Ndrysho temën Piercing Vesh, hundë, septum dhe më shumë. Na shkruaj për shërbim profesional Piercing.",200,text/html; charset=utf-8
http://127.0.0.1:3002/sq/piercing/kulak,sq,Mersin Kulak Piercing | Enki Tattoo,"Mersin&#x27;de Kulak piercing: lob ve kıkırdak (helix, tragus, conch, daith, rook) seçenekleri; takı seçimi ve tasarım uyumu. Hemen ara. Fiyatları incele.",Piercing në Vesh,"Enki Ballina Zbulo Piercing Galeri Artistët Enki Tattoo Studio Ndrysho temën Piercing në Vesh WhatsApp Telefon Opsione të pastra dhe elegante për piercing në vesh, në llapë dhe kërc. Planifikojmë vend",200,text/html; charset=utf-8
http://127.0.0.1:3002/sq/piercing/burun,sq,Mersin Burun Piercing | Enki Tattoo,"Mersin&#x27;de Burun piercing (nostril): halka, taş/stud ve doğru yerleşim; bakım ve takı tasarım uyumu. Bilgi al, iletişime geç.",Piercing në Hundë,Enki Ballina Zbulo Piercing Galeri Artistët Enki Tattoo Studio Ndrysho temën Piercing në Hundë WhatsApp Telefon Opsione ring dhe stud për stile të ndryshme të piercing në hundë. Përcaktojmë tipin e bi,200,text/html; charset=utf-8
http://127.0.0.1:3002/sq/piercing/kas,sq,Mersin Kaş Piercing | Enki Tattoo,"Mersin&#x27;de Kaş piercing: doğru yerleşim, anatomik uygunluk ve takı seçimi; tasarım uyumu ve bakım. Bilgi al, iletişime geç.",Piercing në Vetull,Enki Ballina Zbulo Piercing Galeri Artistët Enki Tattoo Studio Ndrysho temën Piercing në Vetull WhatsApp Telefon Alternativa të balancuara të piercing në vetull që ndjekin vijën natyrale. Vlerësojmë k,200,text/html; charset=utf-8
http://127.0.0.1:3002/sq/piercing/dudak,sq,Mersin Dudak Piercing | Enki Tattoo,"Mersin dudak piercing: labret vb.; takı boyu ve tasarım uyumu, ağız bakımı. Hemen ara, fiyat al.",Piercing në Buzë,Enki Ballina Zbulo Piercing Galeri Artistët Enki Tattoo Studio Ndrysho temën Piercing në Buzë WhatsApp Telefon Opsione labret dhe ring për profile të ndryshme stili në buzë. Përshtatim vendosjen dhe f,200,text/html; charset=utf-8
http://127.0.0.1:3002/sq/piercing/dil,sq,Mersin Dil Piercing | Enki Tattoo,"Mersin&#x27;de dil piercing: minimal barbell, taşlı top ve renkli seçeneklerle stilini keşfet. Takı tasarım uyumunu seç; Fiyat al.",Piercing në Gjuhë,Enki Ballina Zbulo Piercing Galeri Artistët Enki Tattoo Studio Ndrysho temën Piercing në Gjuhë WhatsApp Telefon Opsione piercing në gjuhë me barbell minimal ose detaje më të ndritshme. Ruajmë ekuilibr,200,text/html; charset=utf-8
http://127.0.0.1:3002/sq/piercing/gobek,sq,Mersin Göbek Piercing | Enki Tattoo,"Mersin&#x27;de göbek piercing: taşlı bar, minimal top veya parlak detaylarla yaz stiline uygun tasarım. Tarzını keşfet, fiyat al.",Piercing në Kërthizë,Enki Ballina Zbulo Piercing Galeri Artistët Enki Tattoo Studio Ndrysho temën Piercing në Kërthizë WhatsApp Telefon Stile piercing në kërthizë nga minimal te dizajne me gurë. Zgjedhim bashkë tipin e bi,200,text/html; charset=utf-8
http://127.0.0.1:3002/sq/piercing/septum,sq,Mersin’de Septum Piercing | Enki Tattoo,"Septum piercing: halka/clicker, taşlı veya sade seçenekler; doğru yerleşim ve tasarım uyumu. Fiyat al, iletişime geç.",Piercing Septum,Enki Ballina Zbulo Piercing Galeri Artistët Enki Tattoo Studio Ndrysho temën Piercing Septum WhatsApp Telefon Pamje septum me opsione ring dhe clicker. Përcaktojmë diametrin dhe formën e bizhuterisë s,200,text/html; charset=utf-8
http://127.0.0.1:3002/sq/piercing/industrial,sq,Mersin’de Industrial Piercing | Enki Tattoo,"Industrial piercing: iki delik–tek bar; kulak anatomisine uygunluk ve takı tasarım uyumu. Fiyat al, hemen ara.",Piercing Industrial,Enki Ballina Zbulo Piercing Galeri Artistët Enki Tattoo Studio Ndrysho temën Piercing Industrial WhatsApp Telefon Piercing industrial me efekt të fortë me një bar të vetëm në vesh. Planifikojmë vendos,200,text/html; charset=utf-8
http://127.0.0.1:3002/sq/piercing/kisiye-ozel,sq,Mersin Kişiye Özel Piercing | Enki Tattoo,"Kişiye özel piercing: anatomiye göre yerleşim ve takı seçimi; minimal veya taşlı tasarım uyumu. Bilgi al, teklif al.",Piercing i Personalizuar,Enki Ballina Zbulo Piercing Galeri Artistët Enki Tattoo Studio Ndrysho temën Piercing i Personalizuar WhatsApp Telefon Kombinime piercing të personalizuara sipas stilit tënd. Përcaktojmë së bashku for,200,text/html; charset=utf-8
http://127.0.0.1:3002/sq/iletisim,sq,Mersin Enki Tattoo | İletişim & Konum,"Adres, yol tarifi ve çalışma saatleri. Dövme/piercing için tasarım fikrini paylaş; teklif al, iletişime geç.",Kontakt,"Enki Ballina Zbulo Piercing Galeri Artistët Enki Tattoo Studio Ndrysho temën Adres ve yol tarifi al; Tüm iletişim seçenekleri; WhatsApp’tan yaz, kendini keşfet.",200,text/html; charset=utf-8
http://127.0.0.1:3002/sq/sss,sq,SSS / Bilgi Bankası | Enki Tattoo,"SSS / Bilgi Bankası: dövme ve piercing süreci, bakım adımları ve stüdyo rehberi hakkında hızlı yanıtlar.",Pyetjet e shpeshta / Baza e njohurive,Enki Ballina Zbulo Piercing Galeri Artistët Enki Tattoo Studio Ndrysho temën Pyetjet më të shpeshta,200,text/html; charset=utf-8
http://127.0.0.1:3002/sr,sr,Mersin Dövme & Piercing | Enki Tattoo,Mersin Dövme & Piercing | Enki Tattoo,Početna,"Enki Početna Istraži Pirsing Galerija Artisti Enki Tattoo Studio Promeni temu Početna Enki Tattoo Studio Mersin Izaberi stil, pogledaj primere, zakaži termin brzo.",200,text/html; charset=utf-8
http://127.0.0.1:3002/sr/kesfet,sr,Dövme Stilleri & Tasarım Fikirleri | Enki Tattoo,"Minimal & Fine Line, Yazı/İsim Realistik, Portre, Traditional, Cover-Up, Blackwork, Atatürk ve Custom tasarımlarını keşfet. WhatsApp’tan yaz, fiyat öğren.",Istraži,"Enki Početna Istraži Pirsing Galerija Artisti Enki Tattoo Studio Promeni temu Istraži Izaberi stil, pogledaj primere, zakaži termin brzo.",200,text/html; charset=utf-8
http://127.0.0.1:3002/sr/kesfet/minimal-fine-line-dovme,sr,Fine Line & Minimal Dövme | Enki Tattoo,"Minimal tattoo, fine line, linework ve micro tarzında kol-bacak örnekleri; ince çizgi, küçük dövme ve sade tasarımlar. Hemen ulaş.Anında tasarla.",Minimal & Fine Line Tetovaža,Enki Početna Istraži Pirsing Galerija Artisti Enki Tattoo Studio Promeni temu Minimal & Fine Line Tetovaža WhatsApp Telefon Minimal stilovi Tetovaža zasnovani na tankim linijama i čistoj kompoziciji. ,200,text/html; charset=utf-8
http://127.0.0.1:3002/sr/kesfet/yazi-isim-dovmesi,sr,Lettering (Yazı/İsim) Dövme | Enki Tattoo,"İsim, tarih, harf, el yazısı ve çift yazısı lettering dövme tasarım fikirleri. Kol/bilek için ideal. WhatsApp’tan yaz, fiyat al.",Natpis & Ime Tetovaža,"Enki Početna Istraži Pirsing Galerija Artisti Enki Tattoo Studio Promeni temu Natpis & Ime Tetovaža WhatsApp Telefon Lettering Tetovaža opcije fokusirane na ime, datum i tipografiju. Definišemo karakt",200,text/html; charset=utf-8
http://127.0.0.1:3002/sr/kesfet/realistik-dovme,sr,Realistik Dövme | Enki Tattoo,"Realistik dövme: fotoğraf gibi detay, ışık-gölge. Kol, bacak, sırt ve göğüs tasarım uygulamaları. WhatsApp’tan yaz, fiyat öğren.",Realistična Tetovaža,"Enki Početna Istraži Pirsing Galerija Artisti Enki Tattoo Studio Promeni temu Realistična Tetovaža WhatsApp Telefon Realistična Tetovaža sa dubinom, svetlo-senka balansom i detaljem. Uz tvoje referenc",200,text/html; charset=utf-8
http://127.0.0.1:3002/sr/kesfet/portre-dovme,sr,Portre Dövme (Kadın/Erkek) | Enki Tattoo,"Portre dövme: kadın/erkek/çocuk ve hayvan portreleri. Kol, bacak, sırt, göğüs için tasarım. WhatsApp’tan yaz, fiyat öğren.",Portret Tetovaža,Enki Početna Istraži Pirsing Galerija Artisti Enki Tattoo Studio Promeni temu Portret Tetovaža WhatsApp Telefon Pristup portret Tetovaža fokusiran na izraz i detalje lica. Definišemo kvalitet referenc,200,text/html; charset=utf-8
http://127.0.0.1:3002/sr/kesfet/traditional-dovme,sr,Old School & Traditional Dövme | Enki Tattoo,"Old school/traditional: kalın çizgi, canlı renk, klasik ikonlar. Kol, bacak, sırt için. Fiyat al. Tasarıma başla!",Traditional Tetovaža,Enki Početna Istraži Pirsing Galerija Artisti Enki Tattoo Studio Promeni temu Traditional Tetovaža WhatsApp Telefon Traditional Tetovaža stil sa jakim linijama i klasičnim ikonama. Planiramo upotrebu ,200,text/html; charset=utf-8
http://127.0.0.1:3002/sr/kesfet/dovme-kapatma,sr,Cover-Up (Kapatma) / Dövme Sildirme | Enki Tattoo,"Cover-up: yeni tasarım ile eski dövmeyi kapatma,düzeltme veya dövme sildirme. Hemen teklif al.",Cover-Up Tetovaža,Enki Početna Istraži Pirsing Galerija Artisti Enki Tattoo Studio Promeni temu Cover-Up Tetovaža WhatsApp Telefon Cover-up rešenja za transformaciju postojećih tetovaža. Prvo analiziramo gustinu postoj,200,text/html; charset=utf-8
http://127.0.0.1:3002/sr/kesfet/ataturk-temali-dovme,sr,Atatürk Dövmesi (Portre/İmza) | Enki Tattoo,"Atatürk dövmesi için portre, imza ve silüet tasarım seçenekleri. Anlamını konuşalım; Hemen ara. Fiyat al!",Tetovaža sa Ataturk Temom,"Enki Početna Istraži Pirsing Galerija Artisti Enki Tattoo Studio Promeni temu Tetovaža sa Ataturk Temom WhatsApp Telefon Tetovaža sa Ataturk temom kroz portret, potpis i simboličke elemente. Usklađuje",200,text/html; charset=utf-8
http://127.0.0.1:3002/sr/kesfet/blackwork-dovme,sr,Blackwork Dövme | Enki Tattoo,"Blackwork: yoğun siyah ve keskin kontrastla güçlü tasarım. Kol, bacak, sırt örnekleri. Tasarımını seç fiyat al.",Blackwork Tetovaža,Enki Početna Istraži Pirsing Galerija Artisti Enki Tattoo Studio Promeni temu Blackwork Tetovaža WhatsApp Telefon Blackwork Tetovaža stil sa jakim kontrastom i grafičkim crnim formama. Definišemo odno,200,text/html; charset=utf-8
http://127.0.0.1:3002/sr/kesfet/kisiye-ozel-dovme-tasarimi,sr,Kişiye Özel Dövme Tasarımı | Enki Tattoo,"Kişiye özel dövme tasarımı: fikrini ve referanslarını paylaş; stil, ölçü ve yerleşimi netleştirelim. Fiyat al, tasarımını keşfet.",Personalizovani Dizajn Tetovaže,Enki Početna Istraži Pirsing Galerija Artisti Enki Tattoo Studio Promeni temu Personalizovani Dizajn Tetovaže WhatsApp Telefon Proces personalizovanog dizajna Tetovaža zasnovan na tvojoj ideji i refer,200,text/html; charset=utf-8
http://127.0.0.1:3002/sr/galeri-tasarim,sr,Dövme Tasarım Galerisi: Tüm Stiller | Enki Tattoo,"Minimal & Fine Line, Lettering, Realistik, Portre, Traditional, Cover-Up, Blackwork, Atatürk ve Kişiye Özel tasarım örnekleri. Tarzını keşfet, teklif al",Dizajn galerije,Enki Početna Istraži Pirsing Galerija Artisti Enki Tattoo Studio Promeni temu En çok tercih edilen dövme örnekleri burada; en iyi tasarımı keşfet.,200,text/html; charset=utf-8
http://127.0.0.1:3002/sr/dovme-egitimi,sr,Dövme Eğitimi (Mersin) | Enki Tattoo,"Mersin’de dövme eğitimi: hijyen, ekipman, çizgi, shading ve stencil. Başlangıçtan ileri seviyeye stüdyo içinde uygulamalı öğren. WhatsApp’tan yaz.",Obuka Tetovaža,Enki Početna Istraži Pirsing Galerija Artisti Enki Tattoo Studio Promeni temu Obuka Tetovaža WhatsApp Telefon Strukturisana obuka Tetovaža u studiju sa praktičnim pristupom u Mersinu. Pregledaj korak-,200,text/html; charset=utf-8
http://127.0.0.1:3002/sr/artistler,sr,Dövme Sanatçıları & Artistler | Enki Tattoo,"Dövme sanatçıları ve artistler: stilleri, tasarımları ve öne çıkan çalışmaları. Hepsini keşfet, tarzını seç.",Artisti,Enki Početna Istraži Pirsing Galerija Artisti Enki Tattoo Studio Promeni temu Artisti Piši na WhatsApp Telefon Umetnici u našem studiju.,200,text/html; charset=utf-8
http://127.0.0.1:3002/sr/artistler/halit-yalvac,sr,"Halit Yalvaç | Master Artist, Eğitmen & Kurucu | Enki Tattoo","1995’ten beri dövme sanatçısı; Enki Tattoo’nun kurucusu, master artist ve eğitmeni. Uzmanlık stilleri ve tasarım yaklaşımını incele; Tasarımını keşfet.Bilgi al.",Halit Yalvaç,"Enki Početna Istraži Pirsing Galerija Artisti Enki Tattoo Studio Promeni temu Više od 25 godina iskustva u portretu, realizmu, cover-up i fine line stilu.",200,text/html; charset=utf-8
http://127.0.0.1:3002/sr/artistler/mertcan-uludag,sr,Mertcan Uludağ | Enki Tattoo (Mersin),"Mertcan Uludağ’ın dövme çalışmalarını ve stil yaklaşımını incele. Örnekleri gör, fikrini netleştir, WhatsApp’tan yazıp randevu planla.",Mertcan Uludağ,"Enki Početna Istraži Pirsing Galerija Artisti Enki Tattoo Studio Promeni temu Izdvojeni radovi, jasan stilski pravac i brza komunikacija.",200,text/html; charset=utf-8
http://127.0.0.1:3002/sr/piercing,sr,Mersin Piercing | Enki Tattoo,"Mersin&#x27;de Kulak, burun, septum, kaş, dudak, dil, göbek ve industrial piercing; takı seçimi ve tasarım uyumu. Whatsapp&#x27;tan yaz. Fiyat al.",Pirsing,"Enki Početna Istraži Pirsing Galerija Artisti Enki Tattoo Studio Promeni temu Pirsing Uho, nos, septum i više. Piši nam za profesionalnu uslugu Pirsing.",200,text/html; charset=utf-8
http://127.0.0.1:3002/sr/piercing/kulak,sr,Mersin Kulak Piercing | Enki Tattoo,"Mersin&#x27;de Kulak piercing: lob ve kıkırdak (helix, tragus, conch, daith, rook) seçenekleri; takı seçimi ve tasarım uyumu. Hemen ara. Fiyatları incele.",Pirsing Uha,"Enki Početna Istraži Pirsing Galerija Artisti Enki Tattoo Studio Promeni temu Pirsing Uha WhatsApp Telefon Čiste i stilizovane opcije pirsinga uha za resicu i hrskavicu. Planiramo pozicioniranje, form",200,text/html; charset=utf-8
http://127.0.0.1:3002/sr/piercing/burun,sr,Mersin Burun Piercing | Enki Tattoo,"Mersin&#x27;de Burun piercing (nostril): halka, taş/stud ve doğru yerleşim; bakım ve takı tasarım uyumu. Bilgi al, iletişime geç.",Pirsing Nosa,"Enki Početna Istraži Pirsing Galerija Artisti Enki Tattoo Studio Promeni temu Pirsing Nosa WhatsApp Telefon Ring i stud opcije pirsinga nosa za različite stilove. Usklađujemo tip nakita, veličinu i po",200,text/html; charset=utf-8
http://127.0.0.1:3002/sr/piercing/kas,sr,Mersin Kaş Piercing | Enki Tattoo,"Mersin&#x27;de Kaş piercing: doğru yerleşim, anatomik uygunluk ve takı seçimi; tasarım uyumu ve bakım. Bilgi al, iletişime geç.",Pirsing Obrve,"Enki Početna Istraži Pirsing Galerija Artisti Enki Tattoo Studio Promeni temu Pirsing Obrve WhatsApp Telefon Uravnotežene opcije pirsinga obrve koje prate prirodnu liniju obrve. Procenjujemo ugao, duž",200,text/html; charset=utf-8
http://127.0.0.1:3002/sr/piercing/dudak,sr,Mersin Dudak Piercing | Enki Tattoo,"Mersin dudak piercing: labret vb.; takı boyu ve tasarım uyumu, ağız bakımı. Hemen ara, fiyat al.",Pirsing Usne,Enki Početna Istraži Pirsing Galerija Artisti Enki Tattoo Studio Promeni temu Pirsing Usne WhatsApp Telefon Labret i ring opcije pirsinga usne za različite stilske profile. Usklađujemo poziciju i form,200,text/html; charset=utf-8
http://127.0.0.1:3002/sr/piercing/dil,sr,Mersin Dil Piercing | Enki Tattoo,"Mersin&#x27;de dil piercing: minimal barbell, taşlı top ve renkli seçeneklerle stilini keşfet. Takı tasarım uyumunu seç; Fiyat al.",Pirsing Jezika,Enki Početna Istraži Pirsing Galerija Artisti Enki Tattoo Studio Promeni temu Pirsing Jezika WhatsApp Telefon Opcije pirsinga jezika sa minimal barbell ili sjajnijim detaljima. Čuvamo balans komfora i,200,text/html; charset=utf-8
http://127.0.0.1:3002/sr/piercing/gobek,sr,Mersin Göbek Piercing | Enki Tattoo,"Mersin&#x27;de göbek piercing: taşlı bar, minimal top veya parlak detaylarla yaz stiline uygun tasarım. Tarzını keşfet, fiyat al.",Pirsing Pupka,Enki Početna Istraži Pirsing Galerija Artisti Enki Tattoo Studio Promeni temu Pirsing Pupka WhatsApp Telefon Stilovi pirsinga pupka od čistog minimalnog izgleda do varijanti sa kamenčićima. Biramo tip,200,text/html; charset=utf-8
http://127.0.0.1:3002/sr/piercing/septum,sr,Mersin’de Septum Piercing | Enki Tattoo,"Septum piercing: halka/clicker, taşlı veya sade seçenekler; doğru yerleşim ve tasarım uyumu. Fiyat al, iletişime geç.",Septum Pirsing,Enki Početna Istraži Pirsing Galerija Artisti Enki Tattoo Studio Promeni temu Septum Pirsing WhatsApp Telefon Septum pirsing izgled sa ring i clicker opcijama. Definišemo prečnik i formu nakita prema ,200,text/html; charset=utf-8
http://127.0.0.1:3002/sr/piercing/industrial,sr,Mersin’de Industrial Piercing | Enki Tattoo,"Industrial piercing: iki delik–tek bar; kulak anatomisine uygunluk ve takı tasarım uyumu. Fiyat al, hemen ara.",Industrial Pirsing,Enki Početna Istraži Pirsing Galerija Artisti Enki Tattoo Studio Promeni temu Industrial Pirsing WhatsApp Telefon Industrial pirsing sa snažnim efektom jedne linije na uhu. Planiramo dvotačkastu pozic,200,text/html; charset=utf-8
http://127.0.0.1:3002/sr/piercing/kisiye-ozel,sr,Mersin Kişiye Özel Piercing | Enki Tattoo,"Kişiye özel piercing: anatomiye göre yerleşim ve takı seçimi; minimal veya taşlı tasarım uyumu. Bilgi al, teklif al.",Personalizovani Pirsing,Enki Početna Istraži Pirsing Galerija Artisti Enki Tattoo Studio Promeni temu Personalizovani Pirsing WhatsApp Telefon Personalizovane kombinacije pirsinga prilagođene tvom stilu. Zajedno definišemo f,200,text/html; charset=utf-8
http://127.0.0.1:3002/sr/iletisim,sr,Mersin Enki Tattoo | İletişim & Konum,"Adres, yol tarifi ve çalışma saatleri. Dövme/piercing için tasarım fikrini paylaş; teklif al, iletişime geç.",Kontakt,"Enki Početna Istraži Pirsing Galerija Artisti Enki Tattoo Studio Promeni temu Adres ve yol tarifi al; Tüm iletişim seçenekleri; WhatsApp’tan yaz, kendini keşfet.",200,text/html; charset=utf-8
http://127.0.0.1:3002/sr/sss,sr,SSS / Bilgi Bankası | Enki Tattoo,"SSS / Bilgi Bankası: dövme ve piercing süreci, bakım adımları ve stüdyo rehberi hakkında hızlı yanıtlar.",Najčešća pitanja / Baza znanja,Enki Početna Istraži Pirsing Galerija Artisti Enki Tattoo Studio Promeni temu Često postavljana pitanja,200,text/html; charset=utf-8
http://127.0.0.1:3002/tr,tr,Mersin Dövme & Piercing | Enki Tattoo,Mersin Dövme & Piercing | Enki Tattoo,Ana sayfa,"Enki Ana Sayfa Keşfet Piercing Galeri Artistler Enki Tattoo Studio Temayı değiştir Ana sayfa Enki Tattoo Studio Mersin Stilini seç, örnekleri gör, hızlı randevu al.",200,text/html; charset=utf-8
http://127.0.0.1:3002/tr/kesfet,tr,Dövme Stilleri & Tasarım Fikirleri | Enki Tattoo,"Minimal & Fine Line, Yazı/İsim Realistik, Portre, Traditional, Cover-Up, Blackwork, Atatürk ve Custom tasarımlarını keşfet. WhatsApp’tan yaz, fiyat öğren.",Keşfet,"Enki Ana Sayfa Keşfet Piercing Galeri Artistler Enki Tattoo Studio Temayı değiştir Keşfet Stilini seç, örnekleri gör, hızlı randevu al.",200,text/html; charset=utf-8
http://127.0.0.1:3002/tr/kesfet/minimal-fine-line-dovme,tr,Fine Line & Minimal Dövme | Enki Tattoo,"Minimal tattoo, fine line, linework ve micro tarzında kol-bacak örnekleri; ince çizgi, küçük dövme ve sade tasarımlar. Hemen ulaş.Anında tasarla.",Minimal & Fine Line Dövme,Enki Ana Sayfa Keşfet Piercing Galeri Artistler Enki Tattoo Studio Temayı değiştir En çok tercih edilen ince çizgi örnekleriyle minimal tasarımını keşfet.,200,text/html; charset=utf-8
http://127.0.0.1:3002/tr/kesfet/yazi-isim-dovmesi,tr,Lettering (Yazı/İsim) Dövme | Enki Tattoo,"İsim, tarih, harf, el yazısı ve çift yazısı lettering dövme tasarım fikirleri. Kol/bilek için ideal. WhatsApp’tan yaz, fiyat al.",Yazı / İsim (Lettering) Dövme,Enki Ana Sayfa Keşfet Piercing Galeri Artistler Enki Tattoo Studio Temayı değiştir Okunabilir lettering örnekleri: zarif görünüm sevenler için ilham veren tasarımlar.,200,text/html; charset=utf-8
http://127.0.0.1:3002/tr/kesfet/realistik-dovme,tr,Realistik Dövme | Enki Tattoo,"Realistik dövme: fotoğraf gibi detay, ışık-gölge. Kol, bacak, sırt ve göğüs tasarım uygulamaları. WhatsApp’tan yaz, fiyat öğren.",Realistik Dövme,"Enki Ana Sayfa Keşfet Piercing Galeri Artistler Enki Tattoo Studio Temayı değiştir Portre, hayvan ve obje örnekleriyle realistik tasarım stilini kendin seç.",200,text/html; charset=utf-8
http://127.0.0.1:3002/tr/kesfet/portre-dovme,tr,Portre Dövme (Kadın/Erkek) | Enki Tattoo,"Portre dövme: kadın/erkek/çocuk ve hayvan portreleri. Kol, bacak, sırt, göğüs için tasarım. WhatsApp’tan yaz, fiyat öğren.",Portre Dövme,Enki Ana Sayfa Keşfet Piercing Galeri Artistler Enki Tattoo Studio Temayı değiştir En çok tercih edilen portre temalarıyla tasarım ilhamı; tarzını keşfet.,200,text/html; charset=utf-8
http://127.0.0.1:3002/tr/kesfet/traditional-dovme,tr,Old School & Traditional Dövme | Enki Tattoo,"Old school/traditional: kalın çizgi, canlı renk, klasik ikonlar. Kol, bacak, sırt için. Fiyat al. Tasarıma başla!",Old School / Traditional Dövme,Enki Ana Sayfa Keşfet Piercing Galeri Artistler Enki Tattoo Studio Temayı değiştir En çok tercih edilen traditional ikonlarıyla kalın çizgi tasarım sevenler için.,200,text/html; charset=utf-8
http://127.0.0.1:3002/tr/kesfet/dovme-kapatma,tr,Cover-Up (Kapatma) / Dövme Sildirme | Enki Tattoo,"Cover-up: yeni tasarım ile eski dövmeyi kapatma,düzeltme veya dövme sildirme. Hemen teklif al.",Dövme Kapatma (Cover-Up) ve Dövme Sildirme,Enki Ana Sayfa Keşfet Piercing Galeri Artistler Enki Tattoo Studio Temayı değiştir En çok tercih edilen cover-up örnekleriyle yeni tasarım fikrini keşfet.,200,text/html; charset=utf-8
http://127.0.0.1:3002/tr/kesfet/ataturk-temali-dovme,tr,Atatürk Dövmesi (Portre/İmza) | Enki Tattoo,"Atatürk dövmesi için portre, imza ve silüet tasarım seçenekleri. Anlamını konuşalım; Hemen ara. Fiyat al!",Atatürk Dövmesi (Portre/İmza),"Enki Ana Sayfa Keşfet Piercing Galeri Artistler Enki Tattoo Studio Temayı değiştir Öne çıkan Atatürk portre, imza ve silüet tasarımlarıyla Kemalizm tasarımını keşfet.",200,text/html; charset=utf-8
http://127.0.0.1:3002/tr/kesfet/blackwork-dovme,tr,Blackwork Dövme | Enki Tattoo,"Blackwork: yoğun siyah ve keskin kontrastla güçlü tasarım. Kol, bacak, sırt örnekleri. Tasarımını seç fiyat al.",Blackwork Dövme,Enki Ana Sayfa Keşfet Piercing Galeri Artistler Enki Tattoo Studio Temayı değiştir En popüler blackwork örnekleriyle sert kontrast tasarım sevenler için.,200,text/html; charset=utf-8
http://127.0.0.1:3002/tr/kesfet/kisiye-ozel-dovme-tasarimi,tr,Kişiye Özel Dövme Tasarımı | Enki Tattoo,"Kişiye özel dövme tasarımı: fikrini ve referanslarını paylaş; stil, ölçü ve yerleşimi netleştirelim. Fiyat al, tasarımını keşfet.",Kişiye Özel Dövme Tasarımı,"Enki Ana Sayfa Keşfet Piercing Galeri Artistler Enki Tattoo Studio Temayı değiştir Fikrini anlat; sana özel tasarım fikrini büyüt, en iyi tasarımı keşfet.",200,text/html; charset=utf-8
http://127.0.0.1:3002/tr/galeri-tasarim,tr,Dövme Tasarım Galerisi: Tüm Stiller | Enki Tattoo,"Minimal & Fine Line, Lettering, Realistik, Portre, Traditional, Cover-Up, Blackwork, Atatürk ve Kişiye Özel tasarım örnekleri. Tarzını keşfet, teklif al",Galeri Tasarım,Enki Ana Sayfa Keşfet Piercing Galeri Artistler Enki Tattoo Studio Temayı değiştir En çok tercih edilen dövme örnekleri burada; en iyi tasarımı keşfet.,200,text/html; charset=utf-8
http://127.0.0.1:3002/tr/dovme-egitimi,tr,Dövme Eğitimi (Mersin) | Enki Tattoo,"Mersin’de dövme eğitimi: hijyen, ekipman, çizgi, shading ve stencil. Başlangıçtan ileri seviyeye stüdyo içinde uygulamalı öğren. WhatsApp’tan yaz.",Dövme Eğitimi,"Enki Ana Sayfa Keşfet Piercing Galeri Artistler Enki Tattoo Studio Temayı değiştir Stüdyo içinde uygulamalı eğitim: hijyen, çizgi kontrolü ve doğru süreç.",200,text/html; charset=utf-8
http://127.0.0.1:3002/tr/artistler,tr,Dövme Sanatçıları & Artistler | Enki Tattoo,"Dövme sanatçıları ve artistler: stilleri, tasarımları ve öne çıkan çalışmaları. Hepsini keşfet, tarzını seç.",Artistler,Enki Ana Sayfa Keşfet Piercing Galeri Artistler Enki Tattoo Studio Temayı değiştir Öne çıkan artist işleriyle sana uyan tasarım tarzını bul; kendini keşfet.,200,text/html; charset=utf-8
http://127.0.0.1:3002/tr/artistler/halit-yalvac,tr,"Halit Yalvaç | Master Artist, Eğitmen & Kurucu | Enki Tattoo","1995’ten beri dövme sanatçısı; Enki Tattoo’nun kurucusu, master artist ve eğitmeni. Uzmanlık stilleri ve tasarım yaklaşımını incele; Tasarımını keşfet.Bilgi al.",Master Artist Halit Yalvaç | Dövme Sanatçısı & Eğitmen,"Enki Ana Sayfa Keşfet Piercing Galeri Artistler Enki Tattoo Studio Temayı değiştir 25 yıllık tecrübe: portre, realistik, kapama ve fine line tasarım işleri.",200,text/html; charset=utf-8
http://127.0.0.1:3002/tr/artistler/mertcan-uludag,tr,Mertcan Uludağ | Enki Tattoo (Mersin),"Mertcan Uludağ’ın dövme çalışmalarını ve stil yaklaşımını incele. Örnekleri gör, fikrini netleştir, WhatsApp’tan yazıp randevu planla.",Mertcan Uludağ,Enki Ana Sayfa Keşfet Piercing Galeri Artistler Enki Tattoo Studio Temayı değiştir Stil yaklaşımını ve öne çıkan işleri keşfet; hızlı iletişimle randevu planla.,200,text/html; charset=utf-8
http://127.0.0.1:3002/tr/piercing,tr,Mersin Piercing | Enki Tattoo,"Mersin&#x27;de Kulak, burun, septum, kaş, dudak, dil, göbek ve industrial piercing; takı seçimi ve tasarım uyumu. Whatsapp&#x27;tan yaz. Fiyat al.",Piercing,"Enki Ana Sayfa Keşfet Piercing Galeri Artistler Enki Tattoo Studio Temayı değiştir Piercing Kulak, burun, septum ve daha fazlası. Profesyonel piercing hizmeti için bize yazın.",200,text/html; charset=utf-8
http://127.0.0.1:3002/tr/piercing/kulak,tr,Mersin Kulak Piercing | Enki Tattoo,"Mersin&#x27;de Kulak piercing: lob ve kıkırdak (helix, tragus, conch, daith, rook) seçenekleri; takı seçimi ve tasarım uyumu. Hemen ara. Fiyatları incele.",Mersin Kulak Piercing,Enki Ana Sayfa Keşfet Piercing Galeri Artistler Enki Tattoo Studio Temayı değiştir En çok tercih edilen kulak piercing kombinleri; minimal ve taşlı tasarım sevenler için.,200,text/html; charset=utf-8
http://127.0.0.1:3002/tr/piercing/burun,tr,Mersin Burun Piercing | Enki Tattoo,"Mersin&#x27;de Burun piercing (nostril): halka, taş/stud ve doğru yerleşim; bakım ve takı tasarım uyumu. Bilgi al, iletişime geç.",Mersin Burun Piercing,Enki Ana Sayfa Keşfet Piercing Galeri Artistler Enki Tattoo Studio Temayı değiştir En çok tercih edilen burun piercing stilleri; halka ve taşlı tasarım sevenler için.,200,text/html; charset=utf-8
http://127.0.0.1:3002/tr/piercing/kas,tr,Mersin Kaş Piercing | Enki Tattoo,"Mersin&#x27;de Kaş piercing: doğru yerleşim, anatomik uygunluk ve takı seçimi; tasarım uyumu ve bakım. Bilgi al, iletişime geç.",Mersin Kaş Piercing,Enki Ana Sayfa Keşfet Piercing Galeri Artistler Enki Tattoo Studio Temayı değiştir Öne çıkan kaş piercing görünümleri; net çizgi tasarım sevenler için.,200,text/html; charset=utf-8
http://127.0.0.1:3002/tr/piercing/dudak,tr,Mersin Dudak Piercing | Enki Tattoo,"Mersin dudak piercing: labret vb.; takı boyu ve tasarım uyumu, ağız bakımı. Hemen ara, fiyat al.",Mersin Dudak Piercing,Enki Ana Sayfa Keşfet Piercing Galeri Artistler Enki Tattoo Studio Temayı değiştir En popüler dudak piercing stilleri; minimal ve halka tasarım sevenler için.,200,text/html; charset=utf-8
http://127.0.0.1:3002/tr/piercing/dil,tr,Mersin Dil Piercing | Enki Tattoo,"Mersin&#x27;de dil piercing: minimal barbell, taşlı top ve renkli seçeneklerle stilini keşfet. Takı tasarım uyumunu seç; Fiyat al.",Mersin Dil Piercing,Enki Ana Sayfa Keşfet Piercing Galeri Artistler Enki Tattoo Studio Temayı değiştir Öne çıkan dil piercing seçenekleri; minimal ve taşlı tasarım sevenler için.,200,text/html; charset=utf-8
http://127.0.0.1:3002/tr/piercing/gobek,tr,Mersin Göbek Piercing | Enki Tattoo,"Mersin&#x27;de göbek piercing: taşlı bar, minimal top veya parlak detaylarla yaz stiline uygun tasarım. Tarzını keşfet, fiyat al.",Mersin Göbek Piercing,Enki Ana Sayfa Keşfet Piercing Galeri Artistler Enki Tattoo Studio Temayı değiştir En çok tercih edilen göbek piercing stilleri; taşlı tasarım sevenler için.,200,text/html; charset=utf-8
http://127.0.0.1:3002/tr/piercing/septum,tr,Mersin’de Septum Piercing | Enki Tattoo,"Septum piercing: halka/clicker, taşlı veya sade seçenekler; doğru yerleşim ve tasarım uyumu. Fiyat al, iletişime geç.",Mersin Septum Piercing,Enki Ana Sayfa Keşfet Piercing Galeri Artistler Enki Tattoo Studio Temayı değiştir En popüler septum stilleri; halka ve clicker tasarım sevenler için.,200,text/html; charset=utf-8
http://127.0.0.1:3002/tr/piercing/industrial,tr,Mersin’de Industrial Piercing | Enki Tattoo,"Industrial piercing: iki delik–tek bar; kulak anatomisine uygunluk ve takı tasarım uyumu. Fiyat al, hemen ara.",Mersin Industrial Piercing,Enki Ana Sayfa Keşfet Piercing Galeri Artistler Enki Tattoo Studio Temayı değiştir Öne çıkan industrial görünümleri; net çizgi tasarım sevenler için.,200,text/html; charset=utf-8
http://127.0.0.1:3002/tr/piercing/kisiye-ozel,tr,Mersin Kişiye Özel Piercing | Enki Tattoo,"Kişiye özel piercing: anatomiye göre yerleşim ve takı seçimi; minimal veya taşlı tasarım uyumu. Bilgi al, teklif al.",Mersin Kişiye Özel Piercing,Enki Ana Sayfa Keşfet Piercing Galeri Artistler Enki Tattoo Studio Temayı değiştir Tarzına uyan piercing görünümü; minimal ve taşlı tasarım sevenler için.,200,text/html; charset=utf-8
http://127.0.0.1:3002/tr/iletisim,tr,Mersin Enki Tattoo | İletişim & Konum,"Adres, yol tarifi ve çalışma saatleri. Dövme/piercing için tasarım fikrini paylaş; teklif al, iletişime geç.",İletişim,"Enki Ana Sayfa Keşfet Piercing Galeri Artistler Enki Tattoo Studio Temayı değiştir Adres ve yol tarifi al; Tüm iletişim seçenekleri; WhatsApp’tan yaz, kendini keşfet.",200,text/html; charset=utf-8
http://127.0.0.1:3002/tr/sss,tr,SSS / Bilgi Bankası | Enki Tattoo,"SSS / Bilgi Bankası: dövme ve piercing süreci, bakım adımları ve stüdyo rehberi hakkında hızlı yanıtlar.",SSS / Bilgi Bankası,Enki Ana Sayfa Keşfet Piercing Galeri Artistler Enki Tattoo Studio Temayı değiştir Sık sorulan sorular,200,text/html; charset=utf-8
